28123654;VILLEGAS; Octavio;octavio.villegas@gmail.com
29134587;NEINER;Maximiliano;maxineiner@gmail.com
20123654;PROFE1A;Profe1A;profe1a@utn.com
20123655;PROFE1B;Profe1B;profe1b@utn.com
20123656;PROFE2A;Profe2A;profe2a@utn.com
20123657;PROFE2B;Profe2B;profe2b@utn.com
20123658;PROFE3A;Profe3A;profe3a@utn.com
20123659;PROFE3B;Profe3B;profe3b@utn.com
20123660;PROFE5A;Profe5A;profe5a@utn.com
20123661;PROFE5B;Profe5B;profe5b@utn.com
20123662;PROFE6A;Profe6A;profe6a@utn.com
20123663;PROFE6B;Profe6B;profe6b@utn.com
20123664;PROFETEST;ProfeTest;profetest@utn.com
